{
  "method": "a4_learned_apt",
  "dataset": "oxford_pets",
  "seed": 42,
  "best_val_acc": 95.2445652173913,
  "best_epoch": 43,
  "val_acc_diff": 1.4345652173912953,
  "test_acc": 92.99536658490052,
  "baseline_acc": 93.81,
  "acc_diff": -0.814633415099479,
  "latency_ms": 0.49434497071144273,
  "throughput": 2022.878878611504,
  "peak_memory_mb": 2367.625,
  "original_tokens": 196,
  "avg_real_tokens": 140.3369598388672,
  "avg_padded_tokens": 190.78260803222656,
  "token_ratio": 0.7160048971370775,
  "token_stats": {
    "mean": 140.3369598388672,
    "std": 28.983278274536133,
    "p50": 142.0,
    "p90": 178.0,
    "minimum": 67,
    "maximum": 196,
    "padded_mean": 190.78260803222656,
    "count": 736
  },
  "args": {
    "dataset": "oxford_pets",
    "gpu": 0,
    "image_size": 224,
    "threshold32": 4.0,
    "entropy_bins": 64,
    "batch_size": 32,
    "accum": 4,
    "num_workers": 8,
    "no_amp": false,
    "log_interval": 20,
    "lr": 3e-05,
    "weight_decay": 0.05,
    "label_smoothing": 0.1,
    "epochs": 70,
    "seed": 42,
    "resume": null,
    "eval_only": null,
    "backbone": "vit_base_patch16_224.augreg_in21k",
    "pretrained_checkpoint": "apt_experiments/pretrained/model.safetensors",
    "no_pretrained": false,
    "aggregation": "learned"
  }
}
