{
  "method": "a4_learned_apt",
  "dataset": "cifar100",
  "seed": 42,
  "best_val_acc": 90.9,
  "best_epoch": 75,
  "val_acc_diff": -0.789999999999992,
  "test_acc": 91.07,
  "baseline_acc": 91.69,
  "acc_diff": -0.6200000000000045,
  "latency_ms": 0.45302231311798097,
  "throughput": 2207.3967904966507,
  "peak_memory_mb": 2368.732421875,
  "original_tokens": 196,
  "avg_real_tokens": 145.23519897460938,
  "avg_padded_tokens": 191.40159606933594,
  "token_ratio": 0.7409959131357621,
  "token_stats": {
    "mean": 145.23519897460938,
    "std": 30.20602798461914,
    "p50": 148.0,
    "p90": 181.0,
    "minimum": 49,
    "maximum": 196,
    "padded_mean": 191.40159606933594,
    "count": 5000
  },
  "args": {
    "dataset": "cifar100",
    "gpu": 0,
    "image_size": 224,
    "threshold32": 3.25,
    "entropy_bins": 64,
    "batch_size": 32,
    "accum": 4,
    "num_workers": 8,
    "no_amp": false,
    "log_interval": 20,
    "lr": 3e-05,
    "weight_decay": 0.05,
    "label_smoothing": 0.1,
    "epochs": 80,
    "seed": 42,
    "resume": null,
    "eval_only": null,
    "backbone": "vit_base_patch16_224.augreg_in21k",
    "pretrained_checkpoint": "apt_experiments/pretrained/model.safetensors",
    "no_pretrained": false,
    "aggregation": "learned"
  }
}
