{
    "dataset":  "cifar100",
    "image_size":  224,
    "samples":  1000,
    "bins":  64,
    "normalization":  {
                          "mean":  [
                                       0.5071,
                                       0.4867,
                                       0.4408
                                   ],
                          "std":  [
                                      0.2675,
                                      0.2565,
                                      0.2761
                                  ]
                      },
    "threshold_spec":  "0.0:6.0:0.25",
    "entropy":  {
                    "patch16":  {
                                    "mean":  2.828058532212766,
                                    "std":  1.2661934193606896,
                                    "p50":  2.971509099006653,
                                    "p90":  4.389114809036255,
                                    "min":  0,
                                    "max":  5
                                },
                    "patch32":  {
                                    "mean":  3.5268959351908795,
                                    "std":  1.1951487630217557,
                                    "p50":  3.7564358711242676,
                                    "p90":  4.8634895324707035,
                                    "min":  0,
                                    "max":  5
                                }
                },
    "candidates":  {
                       "a4_learned_apt":  [
                                              {
                                                  "target_ratio":  0.75,
                                                  "target_tokens":  147.0,
                                                  "threshold":  3.25,
                                                  "mean_tokens":  145.66,
                                                  "actual_ratio":  0.7431632653061224
                                              },
                                              {
                                                  "target_ratio":  0.6,
                                                  "target_tokens":  117.6,
                                                  "threshold":  3.75,
                                                  "mean_tokens":  122.839,
                                                  "actual_ratio":  0.6267295918367347
                                              },
                                              {
                                                  "target_ratio":  0.5,
                                                  "target_tokens":  98.0,
                                                  "threshold":  4.25,
                                                  "mean_tokens":  94.858,
                                                  "actual_ratio":  0.48396938775510207
                                              },
                                              {
                                                  "target_ratio":  0.375,
                                                  "target_tokens":  73.5,
                                                  "threshold":  4.75,
                                                  "mean_tokens":  68.512,
                                                  "actual_ratio":  0.34955102040816327
                                              }
                                          ]
                   },
    "rows":  [
                 {
                     "dataset":  "cifar100",
                     "method":  "a4_learned_apt",
                     "threshold":  0.0,
                     "samples":  1000,
                     "base_tokens":  196,
                     "mean_tokens":  196.0,
                     "token_ratio":  1.0,
                     "std_tokens":  0.0,
                     "p50_tokens":  196.0,
                     "p90_tokens":  196.0,
                     "min_tokens":  196,
                     "max_tokens":  196
                 },
                 {
                     "dataset":  "cifar100",
                     "method":  "a4_learned_apt",
                     "threshold":  0.25,
                     "samples":  1000,
                     "base_tokens":  196,
                     "mean_tokens":  193.105,
                     "token_ratio":  0.9852295918367346,
                     "std_tokens":  9.418172593449325,
                     "p50_tokens":  196.0,
                     "p90_tokens":  196.0,
                     "min_tokens":  115,
                     "max_tokens":  196
                 },
                 {
                     "dataset":  "cifar100",
                     "method":  "a4_learned_apt",
                     "threshold":  0.5,
                     "samples":  1000,
                     "base_tokens":  196,
                     "mean_tokens":  192.478,
                     "token_ratio":  0.982030612244898,
                     "std_tokens":  10.348792973095945,
                     "p50_tokens":  196.0,
                     "p90_tokens":  196.0,
                     "min_tokens":  109,
                     "max_tokens":  196
                 },
                 {
                     "dataset":  "cifar100",
                     "method":  "a4_learned_apt",
                     "threshold":  0.75,
                     "samples":  1000,
                     "base_tokens":  196,
                     "mean_tokens":  191.407,
                     "token_ratio":  0.9765663265306123,
                     "std_tokens":  11.788526243767707,
                     "p50_tokens":  196.0,
                     "p90_tokens":  196.0,
                     "min_tokens":  103,
                     "max_tokens":  196
                 },
                 {
                     "dataset":  "cifar100",
                     "method":  "a4_learned_apt",
                     "threshold":  1.0,
                     "samples":  1000,
                     "base_tokens":  196,
                     "mean_tokens":  189.388,
                     "token_ratio":  0.966265306122449,
                     "std_tokens":  14.698893019544023,
                     "p50_tokens":  196.0,
                     "p90_tokens":  196.0,
                     "min_tokens":  91,
                     "max_tokens":  196
                 },
                 {
                     "dataset":  "cifar100",
                     "method":  "a4_learned_apt",
                     "threshold":  1.25,
                     "samples":  1000,
                     "base_tokens":  196,
                     "mean_tokens":  187.675,
                     "token_ratio":  0.9575255102040817,
                     "std_tokens":  16.228967157524227,
                     "p50_tokens":  196.0,
                     "p90_tokens":  196.0,
                     "min_tokens":  76,
                     "max_tokens":  196
                 },
                 {
                     "dataset":  "cifar100",
                     "method":  "a4_learned_apt",
                     "threshold":  1.5,
                     "samples":  1000,
                     "base_tokens":  196,
                     "mean_tokens":  185.317,
                     "token_ratio":  0.9454948979591837,
                     "std_tokens":  17.90481809458002,
                     "p50_tokens":  193.0,
                     "p90_tokens":  196.0,
                     "min_tokens":  76,
                     "max_tokens":  196
                 },
                 {
                     "dataset":  "cifar100",
                     "method":  "a4_learned_apt",
                     "threshold":  1.75,
                     "samples":  1000,
                     "base_tokens":  196,
                     "mean_tokens":  182.371,
                     "token_ratio":  0.9304642857142857,
                     "std_tokens":  19.795942993451966,
                     "p50_tokens":  190.0,