{
    "dataset":  "food101",
    "image_size":  224,
    "samples":  500,
    "bins":  64,
    "normalization":  {
                          "mean":  [
                                       0.485,
                                       0.456,
                                       0.406
                                   ],
                          "std":  [
                                      0.229,
                                      0.224,
                                      0.225
                                  ]
                      },
    "threshold_spec":  "0.0:6.0:0.25",
    "entropy":  {
                    "patch16":  {
                                    "mean":  3.611454949498291,
                                    "std":  1.1111856085141056,
                                    "p50":  3.8399882316589355,
                                    "p90":  4.850597238540649,
                                    "min":  0,
                                    "max":  5
                                },
                    "patch32":  {
                                    "mean":  4.19999886505473,
                                    "std":  0.9604365538653006,
                                    "p50":  4.414546489715576,
                                    "p90":  5.222668552398682,
                                    "min":  0,
                                    "max":  5
                                }
                },
    "candidates":  {
                       "a4_learned_apt":  [
                                              {
                                                  "target_ratio":  0.75,
                                                  "target_tokens":  147.0,
                                                  "threshold":  4.0,
                                                  "mean_tokens":  146.944,
                                                  "actual_ratio":  0.7497142857142857
                                              },
                                              {
                                                  "target_ratio":  0.6,
                                                  "target_tokens":  117.6,
                                                  "threshold":  4.5,
                                                  "mean_tokens":  116.206,
                                                  "actual_ratio":  0.5928877551020408
                                              },
                                              {
                                                  "target_ratio":  0.5,
                                                  "target_tokens":  98.0,
                                                  "threshold":  4.75,
                                                  "mean_tokens":  97.57,
                                                  "actual_ratio":  0.49780612244897954
                                              },
                                              {
                                                  "target_ratio":  0.375,
                                                  "target_tokens":  73.5,
                                                  "threshold":  5.0,
                                                  "mean_tokens":  78.31,
                                                  "actual_ratio":  0.3995408163265306
                                              }
                                          ]
                   },
    "rows":  [
                 {
                     "dataset":  "food101",
                     "method":  "a4_learned_apt",
                     "threshold":  0.0,
                     "samples":  500,
                     "base_tokens":  196,
                     "mean_tokens":  196.0,
                     "token_ratio":  1.0,
                     "std_tokens":  0.0,
                     "p50_tokens":  196.0,
                     "p90_tokens":  196.0,
                     "min_tokens":  196,
                     "max_tokens":  196
                 },
                 {
                     "dataset":  "food101",
                     "method":  "a4_learned_apt",
                     "threshold":  0.25,
                     "samples":  500,
                     "base_tokens":  196,
                     "mean_tokens":  195.802,
                     "token_ratio":  0.9989897959183673,
                     "std_tokens":  1.486874574400948,
                     "p50_tokens":  196.0,
                     "p90_tokens":  196.0,
                     "min_tokens":  175,
                     "max_tokens":  196
                 },
                 {
                     "dataset":  "food101",
                     "method":  "a4_learned_apt",
                     "threshold":  0.5,
                     "samples":  500,
                     "base_tokens":  196,
                     "mean_tokens":  195.7,
                     "token_ratio":  0.998469387755102,
                     "std_tokens":  1.7748239349298849,
                     "p50_tokens":  196.0,
                     "p90_tokens":  196.0,
                     "min_tokens":  175,
                     "max_tokens":  196
                 },
                 {
                     "dataset":  "food101",
                     "method":  "a4_learned_apt",
                     "threshold":  0.75,
                     "samples":  500,
                     "base_tokens":  196,
                     "mean_tokens":  195.544,
                     "token_ratio":  0.9976734693877551,
                     "std_tokens":  2.0366796508042206,
                     "p50_tokens":  196.0,
                     "p90_tokens":  196.0,
                     "min_tokens":  175,
                     "max_tokens":  196
                 },
                 {
                     "dataset":  "food101",
                     "method":  "a4_learned_apt",
                     "threshold":  1.0,
                     "samples":  500,
                     "base_tokens":  196,
                     "mean_tokens":  195.208,
                     "token_ratio":  0.9959591836734694,
                     "std_tokens":  2.837029432346447,
                     "p50_tokens":  196.0,
                     "p90_tokens":  196.0,
                     "min_tokens":  169,
                     "max_tokens":  196
                 },
                 {
                     "dataset":  "food101",
                     "method":  "a4_learned_apt",
                     "threshold":  1.25,
                     "samples":  500,
                     "base_tokens":  196,
                     "mean_tokens":  194.458,
                     "token_ratio":  0.9921326530612244,
                     "std_tokens":  4.559411804169481,
                     "p50_tokens":  196.0,
                     "p90_tokens":  196.0,
                     "min_tokens":  151,
                     "max_tokens":  196
                 },
                 {
                     "dataset":  "food101",
                     "method":  "a4_learned_apt",
                     "threshold":  1.5,
                     "samples":  500,
                     "base_tokens":  196,
                     "mean_tokens":  193.606,
                     "token_ratio":  0.9877857142857143,
                     "std_tokens":  5.836674052917466,
                     "p50_tokens":  196.0,
                     "p90_tokens":  196.0,
                     "min_tokens":  139,
                     "max_tokens":  196
                 },
                 {
                     "dataset":  "food101",
                     "method":  "a4_learned_apt",
                     "threshold":  1.75,
                     "samples":  500,
                     "base_tokens":  196,
                     "mean_tokens":  192.346,
                     "token_ratio":  0.9813571428571429,
                     "std_tokens":  7.39150079483186,
                     "p50_tokens":  196.0,
                     "p90_tokens":  196.0,