{
    "dataset":  "oxford_pets",
    "image_size":  224,
    "samples":  500,
    "bins":  64,
    "normalization":  {
                          "mean":  [
                                       0.485,
                                       0.456,
                                       0.406
                                   ],
                          "std":  [
                                      0.229,
                                      0.224,
                                      0.225
                                  ]
                      },
    "threshold_spec":  "0.0:6.0:0.25",
    "entropy":  {
                    "patch16":  {
                                    "mean":  3.5659780921411075,
                                    "std":  1.1319524674663988,
                                    "p50":  3.779476046562195,
                                    "p90":  4.838709354400635,
                                    "min":  0,
                                    "max":  5
                                },
                    "patch32":  {
                                    "mean":  4.109543071316973,
                                    "std":  1.035892448701482,
                                    "p50":  4.333024263381958,
                                    "p90":  5.210968160629273,
                                    "min":  0,
                                    "max":  5
                                }
                },
    "candidates":  {
                       "a4_learned_apt":  [
                                              {
                                                  "target_ratio":  0.75,
                                                  "target_tokens":  147.0,
                                                  "threshold":  4.0,
                                                  "mean_tokens":  141.334,
                                                  "actual_ratio":  0.7210918367346939
                                              },
                                              {
                                                  "target_ratio":  0.6,
                                                  "target_tokens":  117.6,
                                                  "threshold":  4.5,
                                                  "mean_tokens":  111.232,
                                                  "actual_ratio":  0.5675102040816327
                                              },
                                              {
                                                  "target_ratio":  0.5,
                                                  "target_tokens":  98.0,
                                                  "threshold":  4.75,
                                                  "mean_tokens":  93.694,
                                                  "actual_ratio":  0.47803061224489796
                                              },
                                              {
                                                  "target_ratio":  0.375,
                                                  "target_tokens":  73.5,
                                                  "threshold":  5.0,
                                                  "mean_tokens":  76.018,
                                                  "actual_ratio":  0.3878469387755102
                                              }
                                          ]
                   },
    "rows":  [
                 {
                     "dataset":  "oxford_pets",
                     "method":  "a4_learned_apt",
                     "threshold":  0.0,
                     "samples":  500,
                     "base_tokens":  196,
                     "mean_tokens":  196.0,
                     "token_ratio":  1.0,
                     "std_tokens":  0.0,
                     "p50_tokens":  196.0,
                     "p90_tokens":  196.0,
                     "min_tokens":  196,
                     "max_tokens":  196
                 },
                 {
                     "dataset":  "oxford_pets",
                     "method":  "a4_learned_apt",
                     "threshold":  0.25,
                     "samples":  500,
                     "base_tokens":  196,
                     "mean_tokens":  195.238,
                     "token_ratio":  0.9961122448979591,
                     "std_tokens":  4.348948838512589,
                     "p50_tokens":  196.0,
                     "p90_tokens":  196.0,
                     "min_tokens":  142,
                     "max_tokens":  196
                 },
                 {
                     "dataset":  "oxford_pets",
                     "method":  "a4_learned_apt",
                     "threshold":  0.5,
                     "samples":  500,
                     "base_tokens":  196,
                     "mean_tokens":  194.95,
                     "token_ratio":  0.994642857142857,
                     "std_tokens":  4.9326970310368745,
                     "p50_tokens":  196.0,
                     "p90_tokens":  196.0,
                     "min_tokens":  139,
                     "max_tokens":  196
                 },
                 {
                     "dataset":  "oxford_pets",
                     "method":  "a4_learned_apt",
                     "threshold":  0.75,
                     "samples":  500,
                     "base_tokens":  196,
                     "mean_tokens":  194.554,
                     "token_ratio":  0.9926224489795918,
                     "std_tokens":  5.734377385558087,
                     "p50_tokens":  196.0,
                     "p90_tokens":  196.0,
                     "min_tokens":  139,
                     "max_tokens":  196
                 },
                 {
                     "dataset":  "oxford_pets",
                     "method":  "a4_learned_apt",
                     "threshold":  1.0,
                     "samples":  500,
                     "base_tokens":  196,
                     "mean_tokens":  193.912,
                     "token_ratio":  0.9893469387755103,
                     "std_tokens":  6.942640419897893,
                     "p50_tokens":  196.0,
                     "p90_tokens":  196.0,
                     "min_tokens":  133,
                     "max_tokens":  196
                 },
                 {
                     "dataset":  "oxford_pets",
                     "method":  "a4_learned_apt",
                     "threshold":  1.25,
                     "samples":  500,
                     "base_tokens":  196,
                     "mean_tokens":  193.054,
                     "token_ratio":  0.984969387755102,
                     "std_tokens":  8.21018172758679,
                     "p50_tokens":  196.0,
                     "p90_tokens":  196.0,
                     "min_tokens":  133,
                     "max_tokens":  196
                 },
                 {
                     "dataset":  "oxford_pets",
                     "method":  "a4_learned_apt",
                     "threshold":  1.5,
                     "samples":  500,
                     "base_tokens":  196,
                     "mean_tokens":  191.908,
                     "token_ratio":  0.9791224489795918,
                     "std_tokens":  9.73198520344128,
                     "p50_tokens":  196.0,
                     "p90_tokens":  196.0,
                     "min_tokens":  130,
                     "max_tokens":  196
                 },
                 {
                     "dataset":  "oxford_pets",
                     "method":  "a4_learned_apt",
                     "threshold":  1.75,
                     "samples":  500,
                     "base_tokens":  196,
                     "mean_tokens":  190.492,
                     "token_ratio":  0.9718979591836734,
                     "std_tokens":  11.507299248737732,
                     "p50_tokens":  196.0,